Date,Ålder_0_9,Ålder_10_19,Ålder_20_29,Ålder_30_39,Ålder_40_49,Ålder_50_59,Ålder_60_69,Ålder_70_79,Ålder_80_90,Ålder_90_plus,Uppgift saknas,Ålder_80_89,80+
2020-03-26,20.0,113.0,250.0,264.0,407.0,572.0,393.0,363.0,292.0,129.0,3.0,0.0,421.0
2020-03-27,21.0,113.0,264.0,282.0,427.0,609.0,424.0,414.0,331.0,157.0,4.0,0.0,488.0
2020-03-28,21.0,115.0,286.0,311.0,481.0,679.0,492.0,483.0,402.0,174.0,3.0,0.0,576.0
2020-03-29,25.0,115.0,302.0,336.0,509.0,710.0,533.0,526.0,451.0,191.0,2.0,0.0,642.0
2020-03-30,27.0,117.0,314.0,362.0,544.0,768.0,592.0,575.0,510.0,216.0,3.0,0.0,726.0
2020-03-31,28.0,121.0,337.0,397.0,597.0,844.0,647.0,638.0,575.0,248.0,3.0,0.0,823.0
2020-04-01,29.0,123.0,360.0,448.0,644.0,922.0,720.0,726.0,679.0,293.0,3.0,0.0,972.0
2020-04-02,31.0,127.0,391.0,489.0,717.0,1011.0,791.0,802.0,760.0,344.0,3.0,0.0,1104.0
2020-04-03,35.0,135.0,434.0,548.0,802.0,1122.0,872.0,878.0,870.0,379.0,3.0,0.0,1249.0
2020-04-04,36.0,139.0,452.0,582.0,838.0,1182.0,913.0,932.0,942.0,424.0,3.0,0.0,1366.0
2020-04-05,40.0,143.0,481.0,623.0,883.0,1226.0,964.0,994.0,1008.0,462.0,6.0,0.0,1470.0
2020-04-06,43.0,143.0,503.0,651.0,935.0,1291.0,1025.0,1047.0,1061.0,501.0,6.0,0.0,1562.0
2020-04-07,46.0,147.0,547.0,689.0,999.0,1364.0,1092.0,1113.0,1132.0,557.0,7.0,0.0,1689.0
2020-04-08,49.0,149.0,606.0,771.0,1093.0,1466.0,1174.0,1213.0,1252.0,637.0,9.0,0.0,1889.0
2020-04-09,53.0,153.0,666.0,848.0,1193.0,1582.0,1272.0,1303.0,1357.0,704.0,10.0,0.0,2061.0
2020-04-10,58.0,156.0,717.0,910.0,1252.0,1687.0,1345.0,1363.0,1442.0,748.0,7.0,0.0,2190.0
2020-04-11,59.0,156.0,754.0,951.0,1310.0,1759.0,1407.0,1419.0,1536.0,793.0,7.0,0.0,2329.0
2020-04-12,62.0,160.0,767.0,978.0,1342.0,1813.0,1460.0,1475.0,1599.0,819.0,8.0,0.0,2418.0
2020-04-13,63.0,162.0,802.0,1025.0,1400.0,1900.0,1529.0,1541.0,1672.0,848.0,6.0,0.0,2520.0
2020-04-14,64.0,162.0,833.0,1057.0,1460.0,1961.0,1590.0,1617.0,1778.0,916.0,7.0,0.0,2694.0
2020-04-15,64.0,170.0,873.0,1110.0,1518.0,2026.0,1655.0,1683.0,1864.0,958.0,6.0,0.0,2822.0
2020-04-16,64.0,173.0,896.0,1169.0,1619.0,2122.0,1740.0,1746.0,1988.0,1017.0,6.0,0.0,3005.0
2020-04-17,69.0,179.0,952.0,1241.0,1703.0,2242.0,1824.0,1822.0,2094.0,1085.0,5.0,0.0,3179.0
2020-04-18,72.0,181.0,988.0,1302.0,1775.0,2344.0,1890.0,1911.0,2217.0,1135.0,7.0,0.0,3352.0
2020-04-19,74.0,185.0,1038.0,1369.0,1841.0,2436.0,1969.0,1980.0,2304.0,1179.0,10.0,0.0,3483.0
2020-04-20,74.0,192.0,1057.0,1407.0,1874.0,2526.0,2020.0,2042.0,2372.0,1207.0,6.0,0.0,3579.0
2020-04-21,79.0,195.0,1095.0,1459.0,1940.0,2642.0,2093.0,2097.0,2451.0,1265.0,6.0,0.0,3716.0
2020-04-22,83.0,199.0,1152.0,1540.0,2042.0,2759.0,2175.0,2169.0,2567.0,1312.0,6.0,0.0,3879.0
2020-04-23,90.0,207.0,1245.0,1641.0,2166.0,2910.0,2245.0,2227.0,2637.0,1381.0,6.0,0.0,4018.0
2020-04-24,91.0,218.0,1308.0,1744.0,2273.0,3074.0,2336.0,2310.0,0.0,1443.0,7.0,2763.0,4206.0
2020-04-25,94.0,226.0,1370.0,1813.0,2370.0,3175.0,2409.0,2372.0,0.0,1507.0,7.0,2834.0,4341.0
2020-04-26,99.0,230.0,1408.0,1861.0,2435.0,3256.0,2471.0,2426.0,0.0,1545.0,7.0,2902.0,4447.0
2020-04-27,101.0,233.0,1425.0,1884.0,2469.0,3314.0,2507.0,2462.0,0.0,1569.0,7.0,2955.0,4524.0
2020-04-28,103.0,236.0,1486.0,1980.0,2573.0,3443.0,2585.0,2530.0,0.0,1622.0,7.0,3056.0,4678.0
2020-04-29,103.0,238.0,1559.0,2083.0,2684.0,3569.0,2646.0,2596.0,0.0,1669.0,7.0,3148.0,4817.0
2020-04-30,104.0,245.0,1630.0,2189.0,2814.0,3717.0,2732.0,2668.0,0.0,1733.0,7.0,3253.0,4986.0
2020-05-01,105.0,247.0,1665.0,2256.0,2883.0,3794.0,2781.0,2709.0,0.0,1759.0,7.0,3314.0,5073.0
2020-05-02,106.0,255.0,1717.0,2323.0,2968.0,3906.0,2842.0,2759.0,0.0,1804.0,8.0,3394.0,5198.0
2020-05-03,107.0,257.0,1740.0,2347.0,2997.0,3947.0,2866.0,2784.0,0.0,1830.0,8.0,3434.0,5264.0
2020-05-04,110.0,260.0,1766.0,2390.0,3049.0,4006.0,2915.0,2842.0,0.0,1868.0,9.0,3506.0,5374.0
2020-05-05,112.0,264.0,1807.0,2439.0,3136.0,4091.0,2971.0,2914.0,0.0,1912.0,8.0,3562.0,5474.0
2020-05-06,112.0,272.0,1896.0,2540.0,3233.0,4203.0,3031.0,2978.0,0.0,1978.0,8.0,3667.0,5645.0
2020-05-07,118.0,282.0,1975.0,2635.0,3337.0,4324.0,3110.0,3046.0,0.0,2031.0,8.0,3757.0,5788.0
2020-05-08,118.0,286.0,2057.0,2733.0,3432.0,4450.0,3176.0,3098.0,0.0,2076.0,7.0,3832.0,5908.0
2020-05-09,123.0,289.0,2142.0,2825.0,3532.0,4584.0,3239.0,3147.0,0.0,2125.0,5.0,3910.0,6035.0
2020-05-10,128.0,291.0,2195.0,2876.0,3608.0,4657.0,3278.0,3180.0,0.0,2148.0,6.0,3955.0,6103.0
2020-05-11,130.0,293.0,2230.0,2927.0,3659.0,4721.0,3323.0,3221.0,0.0,2170.0,5.0,3991.0,6161.0
2020-05-12,132.0,300.0,2290.0,3002.0,3743.0,4817.0,3397.0,3277.0,0.0,2227.0,5.0,4082.0,6309.0
2020-05-13,133.0,310.0,2361.0,3110.0,3861.0,4929.0,3464.0,3327.0,0.0,2262.0,6.0,4146.0,6408.0
2020-05-14,134.0,319.0,2444.0,3201.0,3992.0,5061.0,3541.0,3382.0,0.0,2298.0,6.0,4204.0,6502.0
2020-05-15,135.0,330.0,2512.0,3294.0,4107.0,5198.0,3608.0,3422.0,0.0,2326.0,5.0,4270.0,6596.0
2020-05-16,141.0,341.0,2563.0,3382.0,4181.0,5287.0,3657.0,3459.0,0.0,2347.0,5.0,4314.0,6661.0
2020-05-17,144.0,345.0,2615.0,3445.0,4260.0,5370.0,3712.0,3508.0,0.0,2384.0,5.0,4355.0,6739.0
2020-05-18,145.0,349.0,2641.0,3487.0,4289.0,5410.0,3733.0,3533.0,0.0,2399.0,5.0,4386.0,6785.0
2020-05-19,146.0,353.0,2686.0,3531.0,4365.0,5474.0,3782.0,3581.0,0.0,2428.0,8.0,4445.0,6873.0
2020-05-20,147.0,364.0,2781.0,3662.0,4486.0,5604.0,3862.0,3636.0,0.0,2463.0,8.0,4510.0,6973.0
2020-05-21,148.0,371.0,2880.0,3752.0,4583.0,5753.0,3938.0,3681.0,0.0,2494.0,8.0,4564.0,7058.0
2020-05-22,154.0,379.0,2952.0,3847.0,4690.0,5891.0,4001.0,3723.0,0.0,2533.0,8.0,4631.0,7164.0
2020-05-23,155.0,383.0,2988.0,3891.0,4749.0,5955.0,4041.0,3769.0,0.0,2573.0,8.0,4676.0,7249.0
2020-05-24,157.0,386.0,3006.0,3926.0,4793.0,6008.0,4071.0,3800.0,0.0,2600.0,10.0,4702.0,7302.0
2020-05-25,163.0,389.0,3054.0,3974.0,4859.0,6065.0,4112.0,3841.0,0.0,2622.0,10.0,4754.0,7376.0
2020-05-26,168.0,401.0,3104.0,4051.0,4962.0,6190.0,4186.0,3888.0,0.0,2652.0,8.0,4830.0,7482.0
2020-05-27,168.0,413.0,3186.0,4158.0,5074.0,6316.0,4263.0,3935.0,0.0,2683.0,8.0,4884.0,7567.0
2020-05-28,172.0,424.0,3268.0,4264.0,5182.0,6446.0,4345.0,3972.0,0.0,2711.0,8.0,4935.0,7646.0
2020-05-29,176.0,435.0,3344.0,4380.0,5326.0,6590.0,4428.0,4025.0,0.0,2758.0,8.0,5006.0,7764.0
2020-05-30,178.0,445.0,3439.0,4471.0,5441.0,6727.0,4504.0,4066.0,0.0,2781.0,8.0,5053.0,7834.0
2020-05-31,181.0,454.0,3492.0,4544.0,5508.0,6810.0,4552.0,4104.0,0.0,2802.0,8.0,5087.0,7889.0
2020-06-01,183.0,457.0,3527.0,4585.0,5566.0,6869.0,4592.0,4112.0,0.0,2810.0,11.0,5102.0,7912.0
2020-06-02,190.0,473.0,3610.0,4709.0,5725.0,7011.0,4685.0,4164.0,0.0,2844.0,12.0,5166.0,8010.0
2020-06-03,191.0,497.0,3909.0,5239.0,6240.0,7489.0,4903.0,4223.0,0.0,2871.0,14.0,5227.0,8098.0
2020-06-04,196.0,518.0,4058.0,5433.0,6463.0,7705.0,5020.0,4288.0,0.0,2903.0,15.0,5284.0,8187.0
2020-06-05,203.0,557.0,4207.0,5634.0,6658.0,7922.0,5117.0,4350.0,0.0,2930.0,14.0,5347.0,8277.0
2020-06-06,209.0,580.0,4343.0,5806.0,6852.0,8121.0,5218.0,4391.0,0.0,2957.0,14.0,5396.0,8353.0
2020-06-07,215.0,608.0,4479.0,5963.0,6994.0,8313.0,5308.0,4431.0,0.0,2975.0,14.0,5430.0,8405.0
2020-06-08,220.0,628.0,4543.0,6020.0,7061.0,8389.0,5349.0,4451.0,0.0,2994.0,15.0,5463.0,8457.0
2020-06-09,222.0,659.0,4631.0,6165.0,7236.0,8541.0,5425.0,4508.0,0.0,3017.0,14.0,5506.0,8523.0
2020-06-10,229.0,696.0,4756.0,6324.0,7393.0,8706.0,5511.0,4559.0,0.0,3051.0,14.0,5575.0,8626.0
2020-06-11,242.0,761.0,4995.0,6591.0,7709.0,8982.0,5672.0,4623.0,0.0,3076.0,14.0,5623.0,8699.0
2020-06-12,253.0,833.0,5244.0,6825.0,7979.0,9247.0,5809.0,4699.0,0.0,3103.0,14.0,5678.0,8781.0
2020-06-13,266.0,892.0,5483.0,7028.0,8211.0,9466.0,5920.0,4766.0,0.0,3147.0,15.0,5737.0,8884.0
2020-06-14,272.0,923.0,5606.0,7156.0,8354.0,9585.0,5976.0,4807.0,0.0,3159.0,16.0,5760.0,8919.0
2020-06-15,281.0,968.0,5728.0,7304.0,8504.0,9743.0,6056.0,4834.0,0.0,3173.0,16.0,5776.0,8949.0
2020-06-16,288.0,1019.0,5892.0,7470.0,8657.0,9915.0,6160.0,4885.0,0.0,3191.0,14.0,5832.0,9023.0
2020-06-17,296.0,1123.0,6112.0,7683.0,8906.0,10161.0,6262.0,4928.0,0.0,3213.0,16.0,5862.0,9075.0
2020-06-18,311.0,1257.0,6378.0,7919.0,9198.0,10439.0,6397.0,4988.0,0.0,3233.0,17.0,5906.0,9139.0
2020-06-22,345.0,1569.0,6860.0,8365.0,9783.0,10969.0,6666.0,5092.0,0.0,3271.0,17.0,5995.0,9266.0
2020-06-23,358.0,1706.0,7221.0,8714.0,10136.0,11311.0,6831.0,5179.0,0.0,3305.0,16.0,6060.0,9365.0
2020-06-24,368.0,1863.0,7513.0,8947.0,10416.0,11581.0,6954.0,5236.0,0.0,3331.0,16.0,6099.0,9430.0
2020-06-25,373.0,2026.0,7838.0,9191.0,10712.0,11880.0,7081.0,5286.0,0.0,3349.0,16.0,6138.0,9487.0
2020-06-26,380.0,2174.0,8108.0,9409.0,10935.0,12080.0,7177.0,5325.0,0.0,3361.0,16.0,6172.0,9533.0
2020-06-29,395.0,2409.0,8654.0,9868.0,11375.0,12523.0,7365.0,5422.0,0.0,3399.0,17.0,6240.0,9639.0
2020-06-30,401.0,2462.0,8844.0,10017.0,11507.0,12656.0,7418.0,5462.0,0.0,3403.0,17.0,6264.0,9667.0
2020-07-01,406.0,2555.0,9151.0,10249.0,11736.0,12865.0,7516.0,5494.0,0.0,3413.0,17.0,6290.0,9703.0
2020-07-02,408.0,2640.0,9372.0,10426.0,11902.0,13036.0,7592.0,5518.0,0.0,3421.0,19.0,6305.0,9726.0
2020-07-03,418.0,2697.0,9552.0,10575.0,12029.0,13158.0,7653.0,5544.0,0.0,3434.0,19.0,6340.0,9774.0
2020-07-06,432.0,2823.0,9945.0,10876.0,12301.0,13448.0,7781.0,5611.0,0.0,3452.0,21.0,6371.0,9823.0
2020-07-07,438.0,2848.0,9994.0,10912.0,12345.0,13502.0,7813.0,5621.0,0.0,3463.0,21.0,6387.0,9850.0
2020-07-08,441.0,2875.0,10123.0,11024.0,12420.0,13592.0,7857.0,5638.0,0.0,3472.0,20.0,6396.0,9868.0
2020-07-09,443.0,2907.0,10231.0,11125.0,12507.0,13665.0,7893.0,5655.0,0.0,3477.0,20.0,6410.0,9887.0
2020-07-10,448.0,2945.0,10367.0,11263.0,12597.0,13745.0,7934.0,5673.0,0.0,3483.0,20.0,6423.0,9906.0
2020-07-13,466.0,3016.0,10609.0,11455.0,12748.0,13892.0,7986.0,5701.0,0.0,3489.0,21.0,6443.0,9932.0
2020-07-14,469.0,3027.0,10650.0,11490.0,12776.0,13917.0,8000.0,5711.0,0.0,3490.0,21.0,6450.0,9940.0
2020-07-15,471.0,3051.0,10803.0,11595.0,12853.0,13982.0,8042.0,5726.0,0.0,3492.0,21.0,6456.0,9948.0
2020-07-16,476.0,3075.0,10903.0,11666.0,12920.0,14050.0,8072.0,5736.0,0.0,3496.0,21.0,6462.0,9958.0
2020-07-17,477.0,3114.0,11030.0,11735.0,12969.0,14101.0,8109.0,5753.0,0.0,3503.0,21.0,6469.0,9972.0
2020-07-20,481.0,3169.0,11221.0,11888.0,13103.0,14214.0,8170.0,5789.0,0.0,3510.0,19.0,6484.0,9994.0
2020-07-21,481.0,3179.0,11250.0,11911.0,13121.0,14228.0,8181.0,5794.0,0.0,3513.0,19.0,6489.0,10002.0
2020-07-22,485.0,3198.0,11331.0,11981.0,13177.0,14285.0,8211.0,5806.0,0.0,3515.0,19.0,6496.0,10011.0
2020-07-23,488.0,3222.0,11421.0,12028.0,13211.0,14315.0,8230.0,5810.0,0.0,3518.0,19.0,6501.0,10019.0
2020-07-24,491.0,3244.0,11482.0,12072.0,13251.0,14341.0,8251.0,5818.0,0.0,3522.0,19.0,6506.0,10028.0
2020-07-27,494.0,3276.0,11592.0,12152.0,13300.0,14399.0,8281.0,5835.0,0.0,3526.0,19.0,6521.0,10047.0
2020-07-28,495.0,3279.0,11626.0,12169.0,13314.0,14411.0,8289.0,5839.0,0.0,3527.0,19.0,6526.0,10053.0
2020-07-29,499.0,3300.0,11702.0,12230.0,13356.0,14459.0,8309.0,5853.0,0.0,3527.0,19.0,6528.0,10055.0
2020-07-31,504.0,3347.0,11898.0,12352.0,13454.0,14550.0,8357.0,5871.0,0.0,3529.0,19.0,6541.0,10070.0
2020-08-03,512.0,3386.0,12113.0,12449.0,13556.0,14621.0,8387.0,5891.0,0.0,3533.0,19.0,6545.0,10078.0
2020-08-04,514.0,3395.0,12158.0,12489.0,13584.0,14647.0,8395.0,5896.0,0.0,3535.0,19.0,6549.0,10084.0
2020-08-05,517.0,3421.0,12295.0,12561.0,13625.0,14684.0,8424.0,5905.0,0.0,3538.0,18.0,6552.0,10090.0
2020-08-06,522.0,3440.0,12465.0,12635.0,13687.0,14743.0,8442.0,5917.0,0.0,3541.0,18.0,6557.0,10098.0
2020-08-07,525.0,3466.0,12587.0,12728.0,13729.0,14778.0,8463.0,5926.0,0.0,3542.0,18.0,6561.0,10103.0
2020-08-10,530.0,3514.0,12800.0,12838.0,13799.0,14898.0,8504.0,5947.0,0.0,3551.0,18.0,6573.0,10124.0
2020-08-11,531.0,3524.0,12848.0,12866.0,13830.0,14917.0,8514.0,5950.0,0.0,3553.0,18.0,6575.0,10128.0
2020-08-12,535.0,3542.0,12943.0,12934.0,13884.0,14962.0,8536.0,5960.0,0.0,3559.0,18.0,6582.0,10141.0
2020-08-13,545.0,3580.0,13066.0,13018.0,13935.0,15011.0,8557.0,5966.0,0.0,3562.0,18.0,6594.0,10156.0
2020-08-14,552.0,3619.0,13222.0,13105.0,13995.0,15056.0,8582.0,5980.0,0.0,3564.0,18.0,6601.0,10165.0
2020-08-17,559.0,3686.0,13475.0,13276.0,14111.0,15137.0,8616.0,5996.0,0.0,3565.0,18.0,6606.0,10171.0
2020-08-18,560.0,3701.0,13519.0,13305.0,14143.0,15166.0,8626.0,5999.0,0.0,3569.0,19.0,6612.0,10181.0
2020-08-19,563.0,3718.0,13566.0,13346.0,14176.0,15199.0,8636.0,6003.0,0.0,3572.0,18.0,6614.0,10186.0
2020-08-20,569.0,3755.0,13705.0,13421.0,14238.0,15242.0,8649.0,6018.0,0.0,3576.0,18.0,6619.0,10195.0
2020-08-21,575.0,3780.0,13770.0,13477.0,14279.0,15284.0,8664.0,6023.0,0.0,3578.0,18.0,6620.0,10198.0
2020-08-24,584.0,3840.0,13968.0,13611.0,14369.0,15366.0,8710.0,6041.0,0.0,3581.0,18.0,6633.0,10214.0
2020-08-25,591.0,3866.0,14010.0,13651.0,14394.0,15385.0,8717.0,6042.0,0.0,3581.0,18.0,6636.0,10217.0
2020-08-26,595.0,3883.0,14062.0,13694.0,14418.0,15403.0,8728.0,6046.0,0.0,3583.0,18.0,6642.0,10225.0
2020-08-27,596.0,3786.0,13374.0,12874.0,13726.0,14814.0,8490.0,5996.0,0.0,3587.0,18.0,6637.0,10224.0
2020-08-28,597.0,3803.0,13394.0,12891.0,13732.0,14826.0,8481.0,5987.0,0.0,3589.0,18.0,6640.0,10229.0
2020-08-31,604.0,3850.0,13507.0,12964.0,13795.0,14888.0,8511.0,5996.0,0.0,3596.0,18.0,6650.0,10246.0
2020-09-01,611.0,3874.0,13540.0,12995.0,13814.0,14899.0,8522.0,6000.0,0.0,3596.0,18.0,6652.0,10248.0
2020-09-02,612.0,3888.0,13551.0,12981.0,13803.0,14900.0,8524.0,6002.0,0.0,3598.0,18.0,6655.0,10253.0
2020-09-03,617.0,3915.0,13593.0,13018.0,13827.0,14927.0,8540.0,6007.0,0.0,3600.0,18.0,6667.0,10267.0
2020-09-04,624.0,3942.0,13659.0,13073.0,13860.0,14963.0,8558.0,6014.0,0.0,3601.0,18.0,6673.0,10274.0
2020-09-07,632.0,4017.0,13811.0,13166.0,13947.0,15041.0,8604.0,6033.0,0.0,3607.0,18.0,6682.0,10289.0
2020-09-08,636.0,4032.0,13846.0,13196.0,13970.0,15059.0,8620.0,6039.0,0.0,3608.0,18.0,6683.0,10291.0
2020-09-09,638.0,4057.0,13881.0,13223.0,13997.0,15088.0,8632.0,6049.0,0.0,3609.0,19.0,6687.0,10296.0
2020-09-10,645.0,4091.0,13956.0,13282.0,14060.0,15122.0,8652.0,6058.0,0.0,3610.0,21.0,6697.0,10307.0
2020-09-11,647.0,4130.0,14045.0,13335.0,14106.0,15165.0,8676.0,6065.0,0.0,3611.0,19.0,6706.0,10317.0
2020-09-15,656.0,4225.0,14279.0,13473.0,14253.0,15285.0,8734.0,6083.0,0.0,3620.0,20.0,6717.0,10337.0
2020-09-16,658.0,4254.0,14329.0,13510.0,14299.0,15313.0,8754.0,6089.0,0.0,3625.0,21.0,6723.0,10348.0
2020-09-17,660.0,4292.0,14398.0,13562.0,14349.0,15374.0,8775.0,6098.0,0.0,3627.0,21.0,6729.0,10356.0
2020-09-18,667.0,4320.0,14474.0,13632.0,14407.0,15442.0,8799.0,6106.0,0.0,3631.0,21.0,6738.0,10369.0
2020-09-22,679.0,4440.0,14765.0,13840.0,14617.0,15633.0,8894.0,6150.0,0.0,3640.0,21.0,6757.0,10397.0
2020-09-23,680.0,4472.0,14843.0,13894.0,14669.0,15677.0,8931.0,6160.0,0.0,3645.0,21.0,6764.0,10409.0
2020-09-24,684.0,4534.0,14994.0,13967.0,14746.0,15767.0,8987.0,6174.0,0.0,3646.0,21.0,6769.0,10415.0
2020-09-25,688.0,4602.0,15172.0,14111.0,14828.0,15860.0,9026.0,6187.0,0.0,3648.0,21.0,6780.0,10428.0
2020-09-29,699.0,4737.0,15618.0,14396.0,15069.0,16073.0,9136.0,6246.0,0.0,3658.0,21.0,6813.0,10471.0
2020-09-30,710.0,4783.0,15700.0,14469.0,15143.0,16129.0,9166.0,6259.0,0.0,3661.0,21.0,6822.0,10483.0
2020-10-01,711.0,4839.0,15915.0,14630.0,15262.0,16235.0,9228.0,6288.0,0.0,3661.0,20.0,6826.0,10487.0
2020-10-02,719.0,4898.0,16072.0,14765.0,15362.0,16335.0,9285.0,6327.0,0.0,3663.0,20.0,6837.0,10500.0
2020-10-06,734.0,5050.0,16541.0,15144.0,15696.0,16625.0,9407.0,6390.0,0.0,3673.0,20.0,6865.0,10538.0
2020-10-07,739.0,5090.0,16661.0,15246.0,15802.0,16703.0,9448.0,6410.0,0.0,3679.0,20.0,6879.0,10558.0
2020-10-08,747.0,5160.0,16872.0,15411.0,15961.0,16842.0,9506.0,6435.0,0.0,3687.0,21.0,6890.0,10577.0
2020-10-09,755.0,5248.0,17093.0,15585.0,16122.0,16983.0,9585.0,6459.0,0.0,3695.0,20.0,6906.0,10601.0
2020-10-13,769.0,5488.0,17652.0,15969.0,16502.0,17348.0,9729.0,6513.0,0.0,3707.0,25.0,6952.0,10659.0
2020-10-14,779.0,5557.0,17825.0,16082.0,16609.0,17466.0,9772.0,6542.0,0.0,3715.0,25.0,6960.0,10675.0
2020-10-15,784.0,5699.0,18080.0,16290.0,16781.0,17619.0,9858.0,6569.0,0.0,3725.0,25.0,6977.0,10702.0
2020-10-16,794.0,5775.0,18260.0,16428.0,16929.0,17743.0,9934.0,6595.0,0.0,3731.0,25.0,6986.0,10717.0
2020-10-20,832.0,6125.0,19026.0,17022.0,17446.0,18211.0,10192.0,6704.0,0.0,3746.0,25.0,7051.0,10797.0
2020-10-21,840.0,6227.0,19234.0,17198.0,17638.0,18370.0,10270.0,6727.0,0.0,3754.0,25.0,7072.0,10826.0
2020-10-22,858.0,6404.0,19583.0,17526.0,17921.0,18596.0,10391.0,6785.0,0.0,3771.0,24.0,7110.0,10881.0
2020-10-23,871.0,6614.0,19945.0,17856.0,18202.0,18835.0,10500.0,6822.0,0.0,3789.0,24.0,7136.0,10925.0
2020-10-27,914.0,7183.0,21116.0,18817.0,19123.0,19637.0,10924.0,6971.0,0.0,3849.0,24.0,7227.0,11076.0
2020-10-28,934.0,7406.0,21519.0,19183.0,19514.0,20005.0,11116.0,7053.0,0.0,3876.0,25.0,7282.0,11158.0
2020-10-29,953.0,7719.0,22243.0,19769.0,20121.0,20545.0,11394.0,7152.0,0.0,3913.0,25.0,7333.0,11246.0
2020-10-30,980.0,8015.0,22902.0,20334.0,20736.0,21106.0,11683.0,7255.0,0.0,3939.0,25.0,7380.0,11319.0
2020-11-03,1062.0,8979.0,25186.0,22270.0,22508.0,22801.0,12535.0,7563.0,0.0,4032.0,25.0,7571.0,11603.0
2020-11-04,1107.0,9338.0,25831.0,22778.0,23110.0,23325.0,12808.0,7682.0,0.0,4071.0,25.0,7655.0,11726.0
2020-11-05,1139.0,9734.0,26646.0,23499.0,23847.0,24025.0,13164.0,7811.0,0.0,4115.0,26.0,7758.0,11873.0
2020-11-06,1180.0,10317.0,27563.0,24389.0,24707.0,24741.0,13516.0,8002.0,0.0,4165.0,26.0,7855.0,12020.0
2020-11-10,1320.0,12272.0,30778.0,27235.0,27477.0,27290.0,14783.0,8579.0,0.0,4298.0,28.0,8180.0,12478.0
2020-11-11,1368.0,12770.0,31701.0,28004.0,28278.0,28030.0,15158.0,8747.0,0.0,4336.0,28.0,8287.0,12623.0
2020-11-12,1419.0,13251.0,32627.0,28916.0,29074.0,28806.0,15558.0,8893.0,0.0,4397.0,29.0,8395.0,12792.0
2020-11-13,1468.0,14080.0,33800.0,29882.0,30168.0,29799.0,16038.0,9073.0,0.0,4464.0,30.0,8553.0,13017.0
2020-11-17,1630.0,15880.0,36674.0,32538.0,32856.0,32315.0,17259.0,9660.0,0.0,4664.0,35.0,8928.0,13592.0
2020-11-18,1686.0,16337.0,37354.0,33176.0,33583.0,33004.0,17623.0,9860.0,0.0,4720.0,34.0,9069.0,13789.0
2020-11-19,1743.0,16877.0,38083.0,33923.0,34440.0,33885.0,17986.0,10072.0,0.0,4790.0,33.0,9223.0,14013.0
2020-11-20,1829.0,17773.0,39362.0,35169.0,35761.0,35137.0,18604.0,10322.0,0.0,4881.0,33.0,9424.0,14305.0
2020-11-24,2016.0,19781.0,42366.0,38326.0,39021.0,37993.0,19998.0,10978.0,0.0,5114.0,33.0,9934.0,15048.0
2020-11-25,2070.0,20294.0,43190.0,39197.0,40003.0,38811.0,20417.0,11186.0,0.0,5208.0,35.0,10103.0,15311.0
2020-11-26,2164.0,21001.0,44157.0,40175.0,41136.0,39827.0,20931.0,11395.0,0.0,5283.0,37.0,10249.0,15532.0
2020-11-27,2258.0,21882.0,45362.0,41395.0,42434.0,40901.0,21478.0,11638.0,0.0,5342.0,37.0,10402.0,15744.0
2020-12-01,2475.0,24023.0,48293.0,44540.0,45935.0,43817.0,22948.0,12298.0,0.0,5544.0,39.0,10846.0,16390.0
2020-12-02,2559.0,24670.0,49117.0,45489.0,47065.0,44757.0,23380.0,12470.0,0.0,5598.0,37.0,11016.0,16614.0
2020-12-03,2670.0,25442.0,50149.0,46632.0,48374.0,45784.0,23944.0,12720.0,0.0,5696.0,37.0,11195.0,16891.0
2020-12-04,2772.0,26341.0,51135.0,47723.0,49636.0,46776.0,24456.0,12920.0,0.0,5762.0,38.0,11353.0,17115.0
2020-12-08,3056.0,28839.0,54151.0,50914.0,53200.0,49940.0,26076.0,13625.0,0.0,6022.0,42.0,11867.0,17889.0
2020-12-09,3172.0,29665.0,55230.0,52131.0,54526.0,51163.0,26685.0,13908.0,0.0,6146.0,44.0,12123.0,18269.0
2020-12-10,3293.0,30669.0,56512.0,53525.0,56118.0,52451.0,27375.0,14166.0,0.0,6257.0,44.0,12318.0,18575.0
2020-12-11,3408.0,31637.0,57677.0,54768.0,57556.0,53753.0,27983.0,14397.0,0.0,6368.0,45.0,12506.0,18874.0
2020-12-15,3805.0,34513.0,60980.0,58479.0,61504.0,57033.0,29762.0,15188.0,0.0,6627.0,44.0,13094.0,19721.0
2020-12-16,3933.0,35360.0,62078.0,59840.0,63028.0,58304.0,30431.0,15493.0,0.0,6735.0,44.0,13339.0,20074.0
2020-12-17,4085.0,36371.0,63521.0,61400.0,64787.0,59769.0,31205.0,15850.0,0.0,6848.0,47.0,13583.0,20431.0
2020-12-18,4268.0,37592.0,65006.0,63154.0,66608.0,61365.0,32066.0,16220.0,0.0,6972.0,48.0,13821.0,20793.0
2020-12-22,4697.0,40121.0,68539.0,67119.0,70824.0,65143.0,34121.0,17102.0,0.0,7268.0,53.0,14452.0,21720.0
2020-12-23,4792.0,40769.0,69504.0,68319.0,72138.0,66281.0,34740.0,17389.0,0.0,7369.0,57.0,14690.0,22059.0
2020-12-29,5313.0,43884.0,74839.0,74146.0,78644.0,71860.0,37771.0,18757.0,0.0,7717.0,57.0,15545.0,23262.0
2020-12-30,5409.0,44597.0,76354.0,75859.0,80380.0,73354.0,38581.0,19115.0,0.0,7865.0,53.0,15812.0,23677.0
2021-01-05,5898.0,47279.0,82336.0,81918.0,86050.0,78821.0,41650.0,20724.0,0.0,8268.0,56.0,16748.0,25016.0
2021-01-07,6067.0,48349.0,84893.0,84240.0,88091.0,80895.0,42783.0,21336.0,0.0,8463.0,51.0,17116.0,25579.0
2021-01-08,6185.0,49052.0,86436.0,85594.0,89230.0,82010.0,43381.0,21648.0,0.0,8564.0,52.0,17319.0,25883.0
2021-01-12,6457.0,50879.0,90089.0,88689.0,92076.0,84809.0,44776.0,22386.0,0.0,8815.0,55.0,17835.0,26650.0
2021-01-13,6532.0,51373.0,91130.0,89577.0,93005.0,85691.0,45230.0,22640.0,0.0,8908.0,57.0,18060.0,26968.0
2021-01-14,6650.0,52051.0,92400.0,90732.0,94087.0,86835.0,45840.0,22898.0,0.0,8990.0,56.0,18244.0,27234.0
2021-01-15,6745.0,52557.0,93288.0,91576.0,94784.0,87617.0,46268.0,23114.0,0.0,9061.0,55.0,18421.0,27482.0
2021-01-19,6900.0,53543.0,95062.0,93375.0,96383.0,89240.0,47121.0,23582.0,0.0,9208.0,56.0,18795.0,28003.0
2021-01-20,6998.0,53966.0,95886.0,94247.0,97238.0,90086.0,47504.0,23779.0,0.0,9289.0,57.0,18917.0,28206.0
2021-01-21,7113.0,54466.0,96782.0,95157.0,98070.0,90911.0,47975.0,24006.0,0.0,9347.0,58.0,19067.0,28414.0
2021-01-22,7201.0,54906.0,97560.0,95952.0,98819.0,91533.0,48369.0,24182.0,0.0,9407.0,58.0,19179.0,28586.0
2021-01-26,7469.0,55877.0,99183.0,97615.0,100340.0,92973.0,49147.0,24637.0,0.0,9544.0,61.0,19443.0,28987.0
2021-01-27,7562.0,56309.0,99844.0,98432.0,101089.0,93680.0,49534.0,24808.0,0.0,9592.0,62.0,19560.0,29152.0
2021-01-28,7687.0,56771.0,100526.0,99177.0,101822.0,94400.0,49897.0,24942.0,0.0,9624.0,60.0,19651.0,29275.0
2021-01-29,7749.0,57034.0,100960.0,99632.0,102222.0,94760.0,50099.0,25056.0,0.0,9661.0,60.0,19724.0,29385.0
2021-02-02,8108.0,58129.0,102560.0,101462.0,103987.0,96267.0,50937.0,25406.0,0.0,9753.0,62.0,19935.0,29688.0
2021-02-03,8213.0,58628.0,103278.0,102299.0,104799.0,96964.0,51295.0,25563.0,0.0,9788.0,61.0,20028.0,29816.0
2021-02-04,8323.0,59058.0,103916.0,103052.0,105451.0,97593.0,51605.0,25700.0,0.0,9818.0,63.0,20095.0,29913.0
2021-02-05,8416.0,59496.0,104488.0,103706.0,106060.0,98124.0,51883.0,25807.0,0.0,9844.0,64.0,20174.0,30018.0
2021-02-09,8695.0,60581.0,105873.0,105209.0,107524.0,99339.0,52539.0,26104.0,0.0,9908.0,63.0,20339.0,30247.0
2021-02-10,8816.0,61074.0,106556.0,105959.0,108333.0,99971.0,52883.0,26235.0,0.0,9933.0,64.0,20420.0,30353.0
2021-02-11,8989.0,61616.0,107303.0,106746.0,109191.0,100624.0,53236.0,26363.0,0.0,9960.0,64.0,20485.0,30445.0
2021-02-12,9127.0,62180.0,107936.0,107508.0,109903.0,101188.0,53511.0,26476.0,0.0,9980.0,64.0,20538.0,30518.0
2021-02-16,9506.0,63550.0,109417.0,109254.0,111690.0,102631.0,54255.0,26798.0,0.0,10022.0,64.0,20682.0,30704.0
2021-02-17,9629.0,64097.0,110081.0,110074.0,112494.0,103318.0,54600.0,26954.0,0.0,10044.0,65.0,20746.0,30790.0
2021-02-18,9814.0,64811.0,110876.0,110980.0,113405.0,104074.0,55014.0,27101.0,0.0,10068.0,64.0,20815.0,30883.0
2021-02-19,9938.0,65380.0,111589.0,111737.0,114208.0,104700.0,55355.0,27245.0,0.0,10082.0,66.0,20866.0,30948.0
2021-02-23,10342.0,66883.0,113422.0,113722.0,116270.0,106423.0,56203.0,27610.0,0.0,10119.0,69.0,21036.0,31155.0
2021-02-24,10501.0,67630.0,114247.0,114738.0,117386.0,107301.0,56602.0,27746.0,0.0,10137.0,68.0,21114.0,31251.0
2021-02-25,10687.0,68350.0,115062.0,115644.0,118327.0,108077.0,57032.0,27894.0,0.0,10157.0,69.0,21166.0,31323.0
2021-02-26,10863.0,69078.0,115851.0,116451.0,119241.0,108880.0,57404.0,28070.0,0.0,10168.0,70.0,21233.0,31401.0
2021-03-02,11332.0,70834.0,117723.0,118580.0,121507.0,110702.0,58301.0,28461.0,0.0,10212.0,70.0,21391.0,31603.0
2021-03-03,11531.0,71692.0,118685.0,119735.0,122746.0,111715.0,58791.0,28662.0,0.0,10221.0,70.0,21444.0,31665.0
2021-03-04,11723.0,72404.0,119498.0,120534.0,123665.0,112547.0,59167.0,28802.0,0.0,10230.0,69.0,21491.0,31721.0
2021-03-05,11880.0,73119.0,120350.0,121391.0,124525.0,113316.0,59566.0,28960.0,0.0,10241.0,69.0,21544.0,31785.0
2021-03-09,12304.0,74732.0,122126.0,123440.0,126554.0,114991.0,60440.0,29334.0,0.0,10287.0,69.0,21698.0,31985.0
2021-03-10,12546.0,75591.0,123045.0,124526.0,127691.0,115961.0,60898.0,29514.0,0.0,10299.0,71.0,21750.0,32049.0
2021-03-11,12744.0,76399.0,123873.0,125490.0,128735.0,116808.0,61293.0,29671.0,0.0,10313.0,72.0,21794.0,32107.0
2021-03-12,12953.0,77210.0,124792.0,126471.0,129673.0,117619.0,61727.0,29824.0,0.0,10328.0,72.0,21858.0,32186.0
2021-03-16,13485.0,79089.0,126964.0,128824.0,132094.0,119482.0,62649.0,30255.0,0.0,10360.0,71.0,22016.0,32376.0
2021-03-17,13730.0,80038.0,128001.0,130075.0,133406.0,120644.0,63187.0,30481.0,0.0,10363.0,71.0,22074.0,32437.0
2021-03-18,14014.0,81017.0,129054.0,131254.0,134547.0,121689.0,63681.0,30691.0,0.0,10382.0,71.0,22137.0,32519.0
2021-03-19,14216.0,81899.0,130065.0,132310.0,135524.0,122582.0,64141.0,30876.0,0.0,10392.0,73.0,22194.0,32586.0
2021-03-23,14835.0,84058.0,132367.0,134851.0,138114.0,124774.0,65172.0,31325.0,0.0,10428.0,74.0,22337.0,32765.0
2021-03-24,15172.0,85206.0,133562.0,136222.0,139653.0,125981.0,65721.0,31549.0,0.0,10449.0,74.0,22395.0,32844.0
2021-03-25,15515.0,86423.0,134798.0,137576.0,141138.0,127137.0,66342.0,31760.0,0.0,10468.0,73.0,22460.0,32928.0
2021-03-26,15774.0,87474.0,135847.0,138696.0,142343.0,128087.0,66769.0,31953.0,0.0,10478.0,73.0,22524.0,33002.0
2021-03-30,16481.0,90129.0,138542.0,141612.0,145413.0,130466.0,68063.0,32479.0,0.0,10513.0,77.0,22670.0,33183.0
2021-03-31,16867.0,91431.0,139730.0,143150.0,147092.0,131828.0,68710.0,32739.0,0.0,10523.0,76.0,22740.0,33263.0
2021-04-01,17191.0,92792.0,141062.0,144653.0,148662.0,133075.0,69351.0,32975.0,0.0,10537.0,76.0,22817.0,33354.0
2021-04-06,18098.0,96091.0,144582.0,148502.0,152939.0,136387.0,71118.0,33659.0,0.0,10570.0,78.0,22969.0,33539.0
2021-04-07,18335.0,97039.0,145677.0,149725.0,154266.0,137550.0,71674.0,33877.0,0.0,10574.0,80.0,23010.0,33584.0
2021-04-08,18587.0,98136.0,147015.0,151163.0,155767.0,138827.0,72324.0,34091.0,0.0,10587.0,81.0,23051.0,33638.0
2021-04-09,18873.0,99301.0,148406.0,152537.0,157143.0,140051.0,72978.0,34320.0,0.0,10602.0,83.0,23107.0,33709.0
2021-04-13,19608.0,102252.0,151756.0,155888.0,160677.0,142865.0,74462.0,35025.0,0.0,10628.0,88.0,23257.0,33885.0
2021-04-14,19957.0,103697.0,153190.0,157407.0,162342.0,144275.0,75161.0,35318.0,0.0,10631.0,87.0,23320.0,33951.0
2021-04-15,20223.0,104907.0,154366.0,158587.0,163621.0,145370.0,75741.0,35557.0,0.0,10640.0,82.0,23386.0,34026.0
2021-04-16,20533.0,106239.0,155683.0,159947.0,164953.0,146528.0,76310.0,35780.0,0.0,10649.0,83.0,23433.0,34082.0
2021-04-20,21186.0,108944.0,158539.0,162901.0,167997.0,149073.0,77571.0,36313.0,0.0,10681.0,87.0,23538.0,34219.0
2021-04-21,21481.0,110136.0,159743.0,164241.0,169340.0,150362.0,78158.0,36506.0,0.0,10695.0,89.0,23589.0,34284.0
2021-04-22,21797.0,111492.0,161019.0,165639.0,170657.0,151585.0,78747.0,36702.0,0.0,10707.0,94.0,23637.0,34344.0
2021-04-23,22043.0,112624.0,162116.0,166703.0,171745.0,152479.0,79254.0,36882.0,0.0,10718.0,93.0,23686.0,34404.0
2021-04-27,22681.0,115201.0,164633.0,169245.0,174438.0,154749.0,80346.0,37347.0,0.0,10753.0,92.0,23769.0,34522.0
2021-04-28,23029.0,116547.0,165788.0,170546.0,175750.0,155834.0,80855.0,37520.0,0.0,10758.0,92.0,23801.0,34559.0
2021-04-29,23340.0,117932.0,166913.0,171790.0,177030.0,156915.0,81378.0,37692.0,0.0,10766.0,92.0,23830.0,34596.0
2021-04-30,23610.0,119050.0,167966.0,172764.0,178059.0,157780.0,81820.0,37834.0,0.0,10774.0,91.0,23856.0,34630.0
2021-05-04,24371.0,121903.0,170246.0,175371.0,180874.0,160002.0,82798.0,38186.0,0.0,10785.0,95.0,23923.0,34708.0
2021-05-05,24723.0,123324.0,171320.0,176497.0,182250.0,161050.0,83254.0,38339.0,0.0,10795.0,96.0,23947.0,34742.0
2021-05-06,25066.0,124626.0,172403.0,177616.0,183370.0,162022.0,83666.0,38474.0,0.0,10802.0,96.0,23980.0,34782.0
2021-05-07,25329.0,125843.0,173396.0,178504.0,184351.0,162835.0,84036.0,38588.0,0.0,10809.0,98.0,24003.0,34812.0
2021-05-11,26062.0,128637.0,175702.0,180773.0,186915.0,164807.0,84838.0,38859.0,0.0,10831.0,95.0,24085.0,34916.0
2021-05-12,26401.0,129901.0,176620.0,181834.0,188110.0,165809.0,85210.0,38996.0,0.0,10839.0,96.0,24118.0,34957.0
2021-05-14,26891.0,131736.0,178128.0,183348.0,189862.0,167193.0,85708.0,39149.0,0.0,10852.0,95.0,24164.0,35016.0
2021-05-18,27477.0,133503.0,179771.0,185086.0,191815.0,168718.0,86254.0,39356.0,0.0,10864.0,98.0,24201.0,35065.0
2021-05-19,27750.0,134420.0,180477.0,185907.0,192693.0,169406.0,86498.0,39419.0,0.0,10875.0,96.0,24221.0,35096.0
2021-05-20,27921.0,135105.0,181071.0,186526.0,193316.0,169885.0,86669.0,39469.0,0.0,10877.0,95.0,24239.0,35116.0
2021-05-21,28099.0,135835.0,181582.0,187042.0,193898.0,170302.0,86826.0,39521.0,0.0,10883.0,96.0,24257.0,35140.0
2021-05-25,28472.0,137116.0,182518.0,188102.0,194959.0,171159.0,87115.0,39643.0,0.0,10896.0,96.0,24299.0,35195.0
2021-05-26,28632.0,137668.0,182927.0,188558.0,195498.0,171572.0,87255.0,39687.0,0.0,10903.0,95.0,24312.0,35215.0
2021-05-27,28722.0,137980.0,183133.0,188787.0,195749.0,171754.0,87307.0,39714.0,0.0,10910.0,95.0,24322.0,35232.0
2021-06-03,29268.0,139866.0,184556.0,190271.0,197375.0,172799.0,87630.0,39856.0,0.0,10919.0,96.0,24357.0,35276.0
2021-06-04,29329.0,140098.0,184767.0,190483.0,197542.0,172917.0,87675.0,39871.0,0.0,10920.0,97.0,24363.0,35283.0
2021-06-08,29507.0,140659.0,185258.0,190973.0,198049.0,173231.0,87764.0,39896.0,0.0,10924.0,94.0,24378.0,35302.0
2021-06-09,29568.0,140931.0,185466.0,191177.0,198269.0,173368.0,87803.0,39914.0,0.0,10926.0,95.0,24381.0,35307.0
2021-06-10,29615.0,141133.0,185662.0,191315.0,198392.0,173445.0,87830.0,39928.0,0.0,10929.0,95.0,24385.0,35314.0
2021-06-11,29643.0,141298.0,185836.0,191449.0,198506.0,173518.0,87855.0,39938.0,0.0,10928.0,96.0,24389.0,35317.0
2021-06-14,29703.0,141569.0,186114.0,191639.0,198711.0,173631.0,87894.0,39956.0,0.0,10931.0,94.0,24394.0,35325.0
2021-06-17,29703.0,141569.0,186114.0,191639.0,198711.0,173631.0,87894.0,39956.0,0.0,10931.0,94.0,24394.0,35325.0
2021-06-22,29843.0,142508.0,186802.0,192185.0,199246.0,173993.0,87995.0,39996.0,0.0,10938.0,96.0,24412.0,35350.0
2021-06-23,29871.0,142640.0,186907.0,192259.0,199336.0,174046.0,88005.0,40003.0,0.0,10940.0,96.0,24415.0,35355.0
2021-06-24,29895.0,142713.0,187005.0,192325.0,199399.0,174079.0,88018.0,40008.0,0.0,10941.0,96.0,24417.0,35358.0
2021-06-29,29941.0,142905.0,187202.0,192471.0,199536.0,174156.0,88042.0,40025.0,0.0,10944.0,95.0,24426.0,35370.0
2021-06-30,29951.0,142950.0,187277.0,192516.0,199572.0,174177.0,88049.0,40029.0,0.0,10944.0,95.0,24430.0,35374.0
2021-07-01,29969.0,143051.0,187441.0,192642.0,199651.0,174227.0,88065.0,40035.0,0.0,10944.0,95.0,24433.0,35377.0
2021-07-02,29981.0,143100.0,187565.0,192703.0,199692.0,174244.0,88079.0,40038.0,0.0,10946.0,95.0,24437.0,35383.0
2021-07-06,30004.0,143272.0,187804.0,192865.0,199806.0,174308.0,88105.0,40066.0,0.0,10951.0,95.0,24454.0,35405.0
2021-07-07,30020.0,143348.0,187932.0,192922.0,199852.0,174332.0,88112.0,40071.0,0.0,10952.0,95.0,24447.0,35399.0
2021-07-09,30037.0,143443.0,188132.0,193005.0,199897.0,174351.0,88113.0,40066.0,0.0,10952.0,95.0,24449.0,35401.0
2021-07-13,30057.0,143588.0,188399.0,193111.0,199955.0,174393.0,88128.0,40075.0,0.0,10953.0,96.0,24454.0,35407.0
2021-07-14,30070.0,143654.0,188565.0,193167.0,199991.0,174417.0,88135.0,40075.0,0.0,10953.0,96.0,24453.0,35406.0
2021-07-15,30084.0,143706.0,188706.0,193235.0,200028.0,174438.0,88140.0,40081.0,0.0,10954.0,96.0,24455.0,35409.0
2021-07-16,30091.0,143784.0,188872.0,193295.0,200057.0,174453.0,88144.0,40083.0,0.0,10954.0,96.0,24458.0,35412.0
2021-07-20,30118.0,143960.0,189280.0,193465.0,200146.0,174522.0,88167.0,40094.0,0.0,10958.0,97.0,24472.0,35430.0
2021-07-21,30130.0,144057.0,189492.0,193558.0,200179.0,174543.0,88178.0,40101.0,0.0,10958.0,94.0,24468.0,35426.0
2021-07-22,30141.0,144165.0,189736.0,193673.0,200233.0,174580.0,88185.0,40106.0,0.0,10958.0,94.0,24470.0,35428.0
2021-07-23,30149.0,144249.0,189920.0,193760.0,200278.0,174609.0,88195.0,40112.0,0.0,10960.0,94.0,24473.0,35433.0
2021-07-27,30184.0,144503.0,190432.0,193982.0,200409.0,174694.0,88228.0,40142.0,0.0,10980.0,97.0,24503.0,35483.0
2021-07-28,30198.0,144595.0,190674.0,194098.0,200488.0,174763.0,88244.0,40151.0,0.0,10983.0,96.0,24505.0,35488.0
2021-07-29,30219.0,144714.0,190953.0,194223.0,200556.0,174795.0,88255.0,40148.0,0.0,10971.0,93.0,24487.0,35458.0
2021-07-30,30235.0,144834.0,191200.0,194332.0,200628.0,174843.0,88263.0,40152.0,0.0,10972.0,95.0,24486.0,35458.0
2021-08-03,30285.0,145211.0,191880.0,194640.0,200857.0,174979.0,88306.0,40177.0,0.0,10974.0,95.0,24496.0,35470.0
2021-08-04,30317.0,145382.0,192216.0,194805.0,200972.0,175048.0,88335.0,40187.0,0.0,10973.0,95.0,24499.0,35472.0
2021-08-05,30337.0,145516.0,192560.0,194950.0,201077.0,175119.0,88355.0,40204.0,0.0,10976.0,95.0,24504.0,35480.0
2021-08-06,30357.0,145660.0,192876.0,195136.0,201159.0,175173.0,88376.0,40219.0,0.0,10978.0,95.0,24509.0,35487.0
2021-08-10,30421.0,146042.0,193663.0,195615.0,201440.0,175352.0,88433.0,40262.0,0.0,10980.0,95.0,24518.0,35498.0
2021-08-11,30454.0,146251.0,194064.0,195863.0,201614.0,175456.0,88474.0,40281.0,0.0,10983.0,95.0,24522.0,35505.0
2021-08-12,30493.0,146446.0,194390.0,196061.0,201754.0,175549.0,88510.0,40296.0,0.0,10986.0,96.0,24531.0,35517.0
2021-08-13,30547.0,146630.0,194692.0,196299.0,201888.0,175612.0,88550.0,40306.0,0.0,10988.0,97.0,24538.0,35526.0
2021-08-17,30682.0,147103.0,195514.0,196929.0,202238.0,175825.0,88644.0,40362.0,0.0,10995.0,99.0,24567.0,35562.0
2021-08-18,30750.0,147344.0,195849.0,197205.0,202442.0,175925.0,88700.0,40380.0,0.0,10999.0,99.0,24585.0,35584.0
2021-08-19,30815.0,147600.0,196150.0,197488.0,202633.0,176016.0,88758.0,40408.0,0.0,11004.0,99.0,24595.0,35599.0
2021-08-20,30875.0,147778.0,196424.0,197719.0,202759.0,176101.0,88789.0,40428.0,0.0,11010.0,99.0,24602.0,35612.0
2021-08-24,31076.0,148329.0,197073.0,198284.0,203103.0,176339.0,88907.0,40485.0,0.0,11023.0,100.0,24639.0,35662.0
2021-08-25,31182.0,148622.0,197321.0,198549.0,203279.0,176415.0,88956.0,40514.0,0.0,11030.0,102.0,24658.0,35688.0
2021-08-26,31308.0,148997.0,197643.0,198831.0,203467.0,176532.0,89014.0,40539.0,0.0,11036.0,101.0,24671.0,35707.0
